{
  "ticker": "EURUSD",
  "w_prophet": 0.19294519018691028,
  "w_lstm": 0.5852433213406665,
  "w_sklearn": 0.22181148847242327,
  "lstm_params": {
    "seq_length": 21,
    "batch_size": 32,
    "epochs": 25,
    "units_l1": 63,
    "dropout": 0.3684482051282947,
    "lr": 0.0015696396388661157,
    "threshold": 0.5843748470046234
  },
  "feature_cols": [
    "Close",
    "rsi",
    "macd",
    "macd_signal",
    "macd_hist",
    "roc_10",
    "sma_10",
    "price_sma_10_ratio",
    "sma_20",
    "price_sma_20_ratio",
    "sma_50",
    "price_sma_50_ratio",
    "ema_12",
    "ema_26",
    "ema_crossover",
    "adx",
    "bb_upper",
    "bb_mid",
    "bb_lower",
    "bb_width",
    "bb_position",
    "atr",
    "atr_pct",
    "daily_return",
    "log_return",
    "hl_range_pct",
    "gap_pct"
  ],
  "threshold": 0.5843748470046234,
  "holdout_sharpe": -0.819671895043791,
  "max_drawdown": -0.03966891902913816,
  "total_return": -0.0037658994999798523,
  "win_rate": 0.5339805825242718
}